Requirement,RequirementText,CoveringTestCases,CoverageStatus,Notes
FR-02,"Login with email and password; valid login returns JWT; failed attempts lock account",LOGIN-001|LOGIN-002|LOGIN-003|LOGIN-004|LOGIN-005|LOGIN-025|LOGIN-026|LOGIN-027|LOGIN-028|LOGIN-030|SLOGIN-001,Audited,"Stateful cases require isolated disposable account or database reseed. LOGIN-025/026/027 are VALID spec oracles but expose implementation bugs (+2 counter, lock after 2, 180s lock) - see audit entry 03. SLOGIN-001 adds the lock-expiry recovery transition."
FR-02-domain,"Email and password input partitions",LOGIN-006|LOGIN-007|LOGIN-008|LOGIN-009|LOGIN-010|LOGIN-011|LOGIN-012|LOGIN-013|LOGIN-014|LOGIN-015|LOGIN-018|LOGIN-019|LOGIN-020|LOGIN-021|LOGIN-024,Audited,"All labeled VALID except LOGIN-015 (INCOMPLETE, corrected: concrete 300-char email + no-500 oracle). Missing-password/null-password cases increment the failure counter as a side effect - use a disposable account."
SEC-01,"Injection and hostile input resistance / password must not be plaintext",LOGIN-016|LOGIN-017|LOGIN-022|LOGIN-023|SLOGIN-003,Audited,"Injection cases VALID (parameterized query, no bypass). SLOGIN-003 adds a hard field-absence assertion. BUG: SEC-01 violated - password stored and returned in plaintext (verified)."
SEC-07,"Sensitive response data must not be disclosed",LOGIN-039|SLOGIN-003,Audited,"LOGIN-039 VALID oracle but exposes a bug: response user object includes password/reset_token/login_attempts/locked_until. SLOGIN-003 pins exact forbidden fields."
SEC-05,"Parameterized queries / no string concatenation",LOGIN-016|LOGIN-022,Audited,"Verified parameterized query in /api/login; SQL injection returns 401 with no bypass. SQLi password case (LOGIN-022) also VALID."
Schema,"JWT and response shape",LOGIN-031|LOGIN-039|SLOGIN-003,Audited,"JWT decodes to id/role claims. Schema check must assert the forbidden sensitive fields are absent (see SLOGIN-003)."
Enumeration,"Account-enumeration resistance (lockout vs unknown)",SLOGIN-004|LOGIN-029|LOGIN-004,Audited,"SLOGIN-004 (student-added) differentially checks locked vs unknown responses. BUG: locked -> 403 + distinct message vs unknown -> 401 -> enumeration weakness (verified)."
Robustness,"Protocol/body robustness (content type, malformed JSON, wrong-shape bodies, method set)",LOGIN-034|LOGIN-035|LOGIN-036|LOGIN-037|SLOGIN-005|SLOGIN-006,Audited,"LOGIN-034 corrected (must be no-500). BUG: text/plain -> 500 stack trace; malformed JSON / string body -> 400 HTML error page leaking file paths (verified). SLOGIN-005 extends method set; SLOGIN-006 adds wrong-shape bodies."
HW06-header,"Every request carries X-Student-Id header",LOGIN-040,Audited,"Manual Postman console screenshot required (anti-cheat)."
